{
    "root": {
        "commands": [
            [],
            [],
            [],
            [],
            [],
            [],
            [],
            [],
            [],
            [],
            [],
            []
        ]
    },
    "126592012975_0.04087628734888882": {
        "condition": [],
        "commands": [
            [],
            [],
            [],
            [],
            [],
            [],
            [],
            [],
            [],
            [],
            [],
            []
        ]
    },
    "126592012975_0.3504163120685435": {
        "condition": [],
        "commands": [
            [],
            [],
            [],
            [],
            [],
            [],
            [],
            [],
            [],
            [],
            [],
            []
        ]
    },
    "126592012976_0.5033879071053362": {
        "condition": [],
        "commands": [
            [
                [
                    60005,
                    {
                        "74577032484_0.13493609495640202": "asset/audio/se/menu/EnterMenu.mp3,1,1",
                        "74578579319_0.15291120828407134": 1,
                        "74587606222_0.5579985331498136": false,
                        "74587987674_0.5977703161602927": false
                    },
                    "76369783372_0.29320181433843095"
                ],
                [
                    40012,
                    {
                        "49821564836_0.18023666032094843": 0,
                        "49821564836_0.05613902618903355": 1,
                        "49821564836_0.6578043100778947": 1,
                        "49821564836_0.7286666716958285": 8,
                        "49821564836_0.40792780858788147": 1,
                        "49821586470_0.8966191069628267": false,
                        "49821586470_0.5086891336665356": false
                    },
                    "51075733492_0.957022048049269"
                ],
                [
                    -1,
                    {
                        "___cmdID": "126592021001_0.6064693552557336"
                    }
                ]
            ],
            [],
            [],
            [],
            [],
            [],
            [],
            [],
            [],
            [],
            [],
            []
        ]
    },
    "133502147944_0.5936737581770946": {
        "condition": [],
        "commands": [
            [],
            [],
            [],
            [],
            [],
            [],
            [],
            [],
            [],
            [],
            [],
            []
        ]
    }
}